image_name,predicted_label,true_label
cast_ok_0_10.jpeg,ok_front,ok_front
cast_ok_0_1001.jpeg,ok_front,ok_front
cast_ok_0_1002.jpeg,ok_front,ok_front
cast_ok_0_1003.jpeg,ok_front,ok_front
cast_ok_0_1019.jpeg,ok_front,ok_front
cast_ok_0_1020.jpeg,ok_front,ok_front
cast_ok_0_1021.jpeg,ok_front,ok_front
cast_ok_0_1022.jpeg,ok_front,ok_front
cast_ok_0_1026.jpeg,ok_front,ok_front
cast_ok_0_1028.jpeg,ok_front,ok_front
cast_ok_0_1031.jpeg,ok_front,ok_front
cast_ok_0_1040.jpeg,ok_front,ok_front
cast_ok_0_1066.jpeg,ok_front,ok_front
cast_ok_0_1069.jpeg,ok_front,ok_front
cast_ok_0_1077.jpeg,ok_front,ok_front
cast_ok_0_1088.jpeg,ok_front,ok_front
cast_ok_0_1092.jpeg,ok_front,ok_front
cast_ok_0_1093.jpeg,ok_front,ok_front
cast_ok_0_1095.jpeg,ok_front,ok_front
cast_ok_0_1096.jpeg,ok_front,ok_front
cast_ok_0_1120.jpeg,ok_front,ok_front
cast_ok_0_1121.jpeg,ok_front,ok_front
cast_ok_0_1127.jpeg,ok_front,ok_front
cast_ok_0_1132.jpeg,ok_front,ok_front
cast_ok_0_1134.jpeg,ok_front,ok_front
cast_ok_0_1137.jpeg,ok_front,ok_front
cast_ok_0_1140.jpeg,ok_front,ok_front
cast_ok_0_1141.jpeg,ok_front,ok_front
cast_ok_0_1144.jpeg,ok_front,ok_front
cast_ok_0_1145.jpeg,ok_front,ok_front
cast_ok_0_1160.jpeg,ok_front,ok_front
cast_ok_0_1165.jpeg,ok_front,ok_front
cast_ok_0_1169.jpeg,ok_front,ok_front
cast_ok_0_1170.jpeg,ok_front,ok_front
cast_ok_0_1171.jpeg,ok_front,ok_front
cast_ok_0_1172.jpeg,ok_front,ok_front
cast_ok_0_1173.jpeg,ok_front,ok_front
cast_ok_0_1174.jpeg,ok_front,ok_front
cast_ok_0_1176.jpeg,ok_front,ok_front
cast_ok_0_1180.jpeg,ok_front,ok_front
cast_ok_0_1200.jpeg,ok_front,ok_front
cast_ok_0_1202.jpeg,ok_front,ok_front
cast_ok_0_1203.jpeg,ok_front,ok_front
cast_ok_0_1207.jpeg,ok_front,ok_front
cast_ok_0_1209.jpeg,ok_front,ok_front
cast_ok_0_1210.jpeg,ok_front,ok_front
cast_ok_0_1213.jpeg,ok_front,ok_front
cast_ok_0_1218.jpeg,ok_front,ok_front
cast_ok_0_1315.jpeg,ok_front,ok_front
cast_ok_0_1316.jpeg,ok_front,ok_front
cast_ok_0_1318.jpeg,ok_front,ok_front
cast_ok_0_1323.jpeg,ok_front,ok_front
cast_ok_0_1326.jpeg,ok_front,ok_front
cast_ok_0_1328.jpeg,ok_front,ok_front
cast_ok_0_1331.jpeg,ok_front,ok_front
cast_ok_0_1333.jpeg,ok_front,ok_front
cast_ok_0_1334.jpeg,ok_front,ok_front
cast_ok_0_1343.jpeg,ok_front,ok_front
cast_ok_0_1347.jpeg,ok_front,ok_front
cast_ok_0_1351.jpeg,ok_front,ok_front
cast_ok_0_1368.jpeg,ok_front,ok_front
cast_ok_0_1376.jpeg,ok_front,ok_front
cast_ok_0_1381.jpeg,ok_front,ok_front
cast_ok_0_1382.jpeg,ok_front,ok_front
cast_ok_0_1384.jpeg,ok_front,ok_front
cast_ok_0_1385.jpeg,ok_front,ok_front
cast_ok_0_14.jpeg,ok_front,ok_front
cast_ok_0_1415.jpeg,ok_front,ok_front
cast_ok_0_1420.jpeg,ok_front,ok_front
cast_ok_0_1421.jpeg,ok_front,ok_front
cast_ok_0_1426.jpeg,ok_front,ok_front
cast_ok_0_1430.jpeg,ok_front,ok_front
cast_ok_0_1431.jpeg,ok_front,ok_front
cast_ok_0_1438.jpeg,ok_front,ok_front
cast_ok_0_16.jpeg,ok_front,ok_front
cast_ok_0_1865.jpeg,ok_front,ok_front
cast_ok_0_1891.jpeg,ok_front,ok_front
cast_ok_0_1925.jpeg,ok_front,ok_front
cast_ok_0_1958.jpeg,ok_front,ok_front
cast_ok_0_2012.jpeg,ok_front,ok_front
cast_ok_0_2272.jpeg,ok_front,ok_front
cast_ok_0_2273.jpeg,ok_front,ok_front
cast_ok_0_2286.jpeg,ok_front,ok_front
cast_ok_0_2291.jpeg,ok_front,ok_front
cast_ok_0_2303.jpeg,ok_front,ok_front
cast_ok_0_2311.jpeg,ok_front,ok_front
cast_ok_0_2330.jpeg,ok_front,ok_front
cast_ok_0_2340.jpeg,ok_front,ok_front
cast_ok_0_235.jpeg,ok_front,ok_front
cast_ok_0_238.jpeg,ok_front,ok_front
cast_ok_0_239.jpeg,ok_front,ok_front
cast_ok_0_246.jpeg,ok_front,ok_front
cast_ok_0_259.jpeg,ok_front,ok_front
cast_ok_0_268.jpeg,ok_front,ok_front
cast_ok_0_2686.jpeg,ok_front,ok_front
cast_ok_0_2687.jpeg,ok_front,ok_front
cast_ok_0_2694.jpeg,ok_front,ok_front
cast_ok_0_2698.jpeg,ok_front,ok_front
cast_ok_0_2699.jpeg,ok_front,ok_front
cast_ok_0_2700.jpeg,ok_front,ok_front
cast_ok_0_2707.jpeg,ok_front,ok_front
cast_ok_0_2708.jpeg,ok_front,ok_front
cast_ok_0_2722.jpeg,ok_front,ok_front
cast_ok_0_2724.jpeg,ok_front,ok_front
cast_ok_0_2726.jpeg,ok_front,ok_front
cast_ok_0_2727.jpeg,ok_front,ok_front
cast_ok_0_2729.jpeg,ok_front,ok_front
cast_ok_0_2730.jpeg,ok_front,ok_front
cast_ok_0_2732.jpeg,ok_front,ok_front
cast_ok_0_2737.jpeg,ok_front,ok_front
cast_ok_0_2752.jpeg,ok_front,ok_front
cast_ok_0_2754.jpeg,ok_front,ok_front
cast_ok_0_2755.jpeg,ok_front,ok_front
cast_ok_0_2758.jpeg,ok_front,ok_front
cast_ok_0_2761.jpeg,ok_front,ok_front
cast_ok_0_2765.jpeg,ok_front,ok_front
cast_ok_0_2768.jpeg,ok_front,ok_front
cast_ok_0_2769.jpeg,ok_front,ok_front
cast_ok_0_2784.jpeg,ok_front,ok_front
cast_ok_0_2786.jpeg,ok_front,ok_front
cast_ok_0_2798.jpeg,ok_front,ok_front
cast_ok_0_2801.jpeg,ok_front,ok_front
cast_ok_0_2803.jpeg,ok_front,ok_front
cast_ok_0_2805.jpeg,ok_front,ok_front
cast_ok_0_2807.jpeg,ok_front,ok_front
cast_ok_0_2810.jpeg,ok_front,ok_front
cast_ok_0_2829.jpeg,ok_front,ok_front
cast_ok_0_2831.jpeg,ok_front,ok_front
cast_ok_0_2833.jpeg,ok_front,ok_front
cast_ok_0_2840.jpeg,ok_front,ok_front
cast_ok_0_2841.jpeg,ok_front,ok_front
cast_ok_0_2844.jpeg,ok_front,ok_front
cast_ok_0_2848.jpeg,ok_front,ok_front
cast_ok_0_2850.jpeg,ok_front,ok_front
cast_ok_0_2867.jpeg,ok_front,ok_front
cast_ok_0_2868.jpeg,ok_front,ok_front
cast_ok_0_2869.jpeg,ok_front,ok_front
cast_ok_0_2884.jpeg,ok_front,ok_front
cast_ok_0_2885.jpeg,ok_front,ok_front
cast_ok_0_2892.jpeg,ok_front,ok_front
cast_ok_0_2894.jpeg,ok_front,ok_front
cast_ok_0_2900.jpeg,ok_front,ok_front
cast_ok_0_2911.jpeg,ok_front,ok_front
cast_ok_0_2914.jpeg,ok_front,ok_front
cast_ok_0_2915.jpeg,ok_front,ok_front
cast_ok_0_2917.jpeg,ok_front,ok_front
cast_ok_0_2926.jpeg,ok_front,ok_front
cast_ok_0_2927.jpeg,ok_front,ok_front
cast_ok_0_2932.jpeg,ok_front,ok_front
cast_ok_0_2935.jpeg,ok_front,ok_front
cast_ok_0_31.jpeg,ok_front,ok_front
cast_ok_0_3264.jpeg,ok_front,ok_front
cast_ok_0_3278.jpeg,ok_front,ok_front
cast_ok_0_3292.jpeg,ok_front,ok_front
cast_ok_0_3294.jpeg,ok_front,ok_front
cast_ok_0_4475.jpeg,ok_front,ok_front
cast_ok_0_4476.jpeg,ok_front,ok_front
cast_ok_0_4497.jpeg,ok_front,ok_front
cast_ok_0_4498.jpeg,ok_front,ok_front
cast_ok_0_45.jpeg,ok_front,ok_front
cast_ok_0_49.jpeg,ok_front,ok_front
cast_ok_0_4987.jpeg,ok_front,ok_front
cast_ok_0_4992.jpeg,ok_front,ok_front
cast_ok_0_5009.jpeg,ok_front,ok_front
cast_ok_0_5012.jpeg,ok_front,ok_front
cast_ok_0_504.jpeg,ok_front,ok_front
cast_ok_0_505.jpeg,ok_front,ok_front
cast_ok_0_525.jpeg,ok_front,ok_front
cast_ok_0_526.jpeg,ok_front,ok_front
cast_ok_0_5530.jpeg,ok_front,ok_front
cast_ok_0_5533.jpeg,ok_front,ok_front
cast_ok_0_5541.jpeg,ok_front,ok_front
cast_ok_0_5560.jpeg,ok_front,ok_front
cast_ok_0_5567.jpeg,ok_front,ok_front
cast_ok_0_5587.jpeg,ok_front,ok_front
cast_ok_0_5590.jpeg,ok_front,ok_front
cast_ok_0_5605.jpeg,ok_front,ok_front
cast_ok_0_5606.jpeg,ok_front,ok_front
cast_ok_0_5805.jpeg,ok_front,ok_front
cast_ok_0_5809.jpeg,ok_front,ok_front
cast_ok_0_5815.jpeg,ok_front,ok_front
cast_ok_0_62.jpeg,ok_front,ok_front
cast_ok_0_6365.jpeg,ok_front,ok_front
cast_ok_0_6388.jpeg,ok_front,ok_front
cast_ok_0_64.jpeg,ok_front,ok_front
cast_ok_0_6401.jpeg,ok_front,ok_front
cast_ok_0_6681.jpeg,ok_front,ok_front
cast_ok_0_6682.jpeg,ok_front,ok_front
cast_ok_0_6714.jpeg,ok_front,ok_front
cast_ok_0_6718.jpeg,ok_front,ok_front
cast_ok_0_7044.jpeg,ok_front,ok_front
cast_ok_0_7089.jpeg,ok_front,ok_front
cast_ok_0_7559.jpeg,ok_front,ok_front
cast_ok_0_7560.jpeg,ok_front,ok_front
cast_ok_0_7588.jpeg,ok_front,ok_front
cast_ok_0_7595.jpeg,ok_front,ok_front
cast_ok_0_7611.jpeg,ok_front,ok_front
cast_ok_0_7624.jpeg,ok_front,ok_front
cast_ok_0_7631.jpeg,ok_front,ok_front
cast_ok_0_7632.jpeg,ok_front,ok_front
cast_ok_0_7820.jpeg,ok_front,ok_front
cast_ok_0_7823.jpeg,ok_front,ok_front
cast_ok_0_7839.jpeg,ok_front,ok_front
cast_ok_0_7849.jpeg,ok_front,ok_front
cast_ok_0_7900.jpeg,ok_front,ok_front
cast_ok_0_7901.jpeg,ok_front,ok_front
cast_ok_0_7925.jpeg,ok_front,ok_front
cast_ok_0_7931.jpeg,ok_front,ok_front
cast_ok_0_7936.jpeg,ok_front,ok_front
cast_ok_0_7939.jpeg,ok_front,ok_front
cast_ok_0_7945.jpeg,ok_front,ok_front
cast_ok_0_7946.jpeg,ok_front,ok_front
cast_ok_0_7997.jpeg,ok_front,ok_front
cast_ok_0_8008.jpeg,ok_front,ok_front
cast_ok_0_8010.jpeg,ok_front,ok_front
cast_ok_0_8011.jpeg,ok_front,ok_front
cast_ok_0_8172.jpeg,ok_front,ok_front
cast_ok_0_8177.jpeg,ok_front,ok_front
cast_ok_0_8189.jpeg,ok_front,ok_front
cast_ok_0_8192.jpeg,ok_front,ok_front
cast_ok_0_8611.jpeg,ok_front,ok_front
cast_ok_0_8612.jpeg,ok_front,ok_front
cast_ok_0_8614.jpeg,ok_front,ok_front
cast_ok_0_863.jpeg,ok_front,ok_front
cast_ok_0_8637.jpeg,ok_front,ok_front
cast_ok_0_864.jpeg,ok_front,ok_front
cast_ok_0_8644.jpeg,ok_front,ok_front
cast_ok_0_8652.jpeg,ok_front,ok_front
cast_ok_0_869.jpeg,ok_front,ok_front
cast_ok_0_880.jpeg,ok_front,ok_front
cast_ok_0_897.jpeg,ok_front,ok_front
cast_ok_0_903.jpeg,ok_front,ok_front
cast_ok_0_904.jpeg,ok_front,ok_front
cast_ok_0_907.jpeg,ok_front,ok_front
cast_ok_0_925.jpeg,ok_front,ok_front
cast_ok_0_927.jpeg,ok_front,ok_front
cast_ok_0_932.jpeg,ok_front,ok_front
cast_ok_0_935.jpeg,ok_front,ok_front
cast_ok_0_937.jpeg,ok_front,ok_front
cast_ok_0_942.jpeg,ok_front,ok_front
cast_ok_0_952.jpeg,ok_front,ok_front
cast_ok_0_960.jpeg,ok_front,ok_front
cast_ok_0_973.jpeg,ok_front,ok_front
cast_ok_0_975.jpeg,ok_front,ok_front
cast_ok_0_976.jpeg,ok_front,ok_front
cast_ok_0_989.jpeg,ok_front,ok_front
cast_ok_0_9918.jpeg,ok_front,ok_front
cast_ok_0_9920.jpeg,ok_front,ok_front
cast_ok_0_9925.jpeg,ok_front,ok_front
cast_ok_0_9926.jpeg,ok_front,ok_front
cast_ok_0_9928.jpeg,ok_front,ok_front
cast_ok_0_9934.jpeg,ok_front,ok_front
cast_ok_0_9943.jpeg,ok_front,ok_front
cast_ok_0_9955.jpeg,ok_front,ok_front
cast_ok_0_9961.jpeg,ok_front,ok_front
cast_ok_0_9967.jpeg,ok_front,ok_front
cast_ok_0_9973.jpeg,ok_front,ok_front
cast_ok_0_9975.jpeg,ok_front,ok_front
cast_ok_0_998.jpeg,ok_front,ok_front
cast_ok_0_9988.jpeg,ok_front,ok_front
cast_ok_0_9993.jpeg,ok_front,ok_front
cast_ok_0_9996.jpeg,ok_front,ok_front
cast_def_0_1059.jpeg,def_front,def_front
cast_def_0_1063.jpeg,def_front,def_front
cast_def_0_108.jpeg,def_front,def_front
cast_def_0_1096.jpeg,def_front,def_front
cast_def_0_112.jpeg,def_front,def_front
cast_def_0_1134.jpeg,def_front,def_front
cast_def_0_1136.jpeg,def_front,def_front
cast_def_0_1137.jpeg,ok_front,def_front
cast_def_0_1153.jpeg,def_front,def_front
cast_def_0_1171.jpeg,def_front,def_front
cast_def_0_1172.jpeg,def_front,def_front
cast_def_0_1174.jpeg,def_front,def_front
cast_def_0_118.jpeg,def_front,def_front
cast_def_0_1186.jpeg,def_front,def_front
cast_def_0_1189.jpeg,def_front,def_front
cast_def_0_1191.jpeg,def_front,def_front
cast_def_0_1203.jpeg,def_front,def_front
cast_def_0_1211.jpeg,def_front,def_front
cast_def_0_1215.jpeg,def_front,def_front
cast_def_0_1231.jpeg,def_front,def_front
cast_def_0_1233.jpeg,ok_front,def_front
cast_def_0_1238.jpeg,def_front,def_front
cast_def_0_1239.jpeg,def_front,def_front
cast_def_0_1258.jpeg,def_front,def_front
cast_def_0_1260.jpeg,def_front,def_front
cast_def_0_1264.jpeg,def_front,def_front
cast_def_0_1269.jpeg,def_front,def_front
cast_def_0_1291.jpeg,def_front,def_front
cast_def_0_1292.jpeg,def_front,def_front
cast_def_0_1294.jpeg,def_front,def_front
cast_def_0_1298.jpeg,ok_front,def_front
cast_def_0_1320.jpeg,def_front,def_front
cast_def_0_1323.jpeg,ok_front,def_front
cast_def_0_1324.jpeg,def_front,def_front
cast_def_0_1351.jpeg,def_front,def_front
cast_def_0_1352.jpeg,def_front,def_front
cast_def_0_1358.jpeg,def_front,def_front
cast_def_0_1359.jpeg,def_front,def_front
cast_def_0_1376.jpeg,def_front,def_front
cast_def_0_1379.jpeg,def_front,def_front
cast_def_0_138.jpeg,def_front,def_front
cast_def_0_1381.jpeg,def_front,def_front
cast_def_0_1388.jpeg,def_front,def_front
cast_def_0_1392.jpeg,def_front,def_front
cast_def_0_1394.jpeg,def_front,def_front
cast_def_0_1397.jpeg,def_front,def_front
cast_def_0_1399.jpeg,def_front,def_front
cast_def_0_1400.jpeg,def_front,def_front
cast_def_0_1411.jpeg,def_front,def_front
cast_def_0_1412.jpeg,def_front,def_front
cast_def_0_1413.jpeg,def_front,def_front
cast_def_0_1414.jpeg,def_front,def_front
cast_def_0_1418.jpeg,def_front,def_front
cast_def_0_1421.jpeg,def_front,def_front
cast_def_0_1422.jpeg,def_front,def_front
cast_def_0_1424.jpeg,def_front,def_front
cast_def_0_1425.jpeg,def_front,def_front
cast_def_0_143.jpeg,def_front,def_front
cast_def_0_144.jpeg,def_front,def_front
cast_def_0_1443.jpeg,def_front,def_front
cast_def_0_1447.jpeg,def_front,def_front
cast_def_0_1453.jpeg,def_front,def_front
cast_def_0_1462.jpeg,def_front,def_front
cast_def_0_1466.jpeg,def_front,def_front
cast_def_0_1467.jpeg,def_front,def_front
cast_def_0_147.jpeg,def_front,def_front
cast_def_0_1471.jpeg,def_front,def_front
cast_def_0_1474.jpeg,def_front,def_front
cast_def_0_1476.jpeg,def_front,def_front
cast_def_0_1477.jpeg,def_front,def_front
cast_def_0_148.jpeg,def_front,def_front
cast_def_0_1480.jpeg,def_front,def_front
cast_def_0_1486.jpeg,def_front,def_front
cast_def_0_1488.jpeg,def_front,def_front
cast_def_0_149.jpeg,def_front,def_front
cast_def_0_1492.jpeg,def_front,def_front
cast_def_0_1493.jpeg,def_front,def_front
cast_def_0_1497.jpeg,def_front,def_front
cast_def_0_1499.jpeg,def_front,def_front
cast_def_0_15.jpeg,def_front,def_front
cast_def_0_150.jpeg,ok_front,def_front
cast_def_0_1500.jpeg,def_front,def_front
cast_def_0_1505.jpeg,def_front,def_front
cast_def_0_1506.jpeg,ok_front,def_front
cast_def_0_1507.jpeg,def_front,def_front
cast_def_0_1509.jpeg,def_front,def_front
cast_def_0_151.jpeg,def_front,def_front
cast_def_0_1510.jpeg,def_front,def_front
cast_def_0_1511.jpeg,def_front,def_front
cast_def_0_1517.jpeg,def_front,def_front
cast_def_0_1518.jpeg,def_front,def_front
cast_def_0_1519.jpeg,def_front,def_front
cast_def_0_1528.jpeg,def_front,def_front
cast_def_0_1529.jpeg,def_front,def_front
cast_def_0_1535.jpeg,def_front,def_front
cast_def_0_1536.jpeg,def_front,def_front
cast_def_0_1539.jpeg,def_front,def_front
cast_def_0_154.jpeg,def_front,def_front
cast_def_0_1544.jpeg,def_front,def_front
cast_def_0_1546.jpeg,def_front,def_front
cast_def_0_1547.jpeg,def_front,def_front
cast_def_0_1553.jpeg,def_front,def_front
cast_def_0_1555.jpeg,def_front,def_front
cast_def_0_1556.jpeg,def_front,def_front
cast_def_0_1560.jpeg,def_front,def_front
cast_def_0_1565.jpeg,def_front,def_front
cast_def_0_1567.jpeg,def_front,def_front
cast_def_0_1568.jpeg,def_front,def_front
cast_def_0_1569.jpeg,def_front,def_front
cast_def_0_157.jpeg,def_front,def_front
cast_def_0_1570.jpeg,def_front,def_front
cast_def_0_1571.jpeg,def_front,def_front
cast_def_0_1573.jpeg,def_front,def_front
cast_def_0_1574.jpeg,def_front,def_front
cast_def_0_1576.jpeg,def_front,def_front
cast_def_0_158.jpeg,def_front,def_front
cast_def_0_1583.jpeg,def_front,def_front
cast_def_0_1585.jpeg,def_front,def_front
cast_def_0_1586.jpeg,def_front,def_front
cast_def_0_1589.jpeg,def_front,def_front
cast_def_0_159.jpeg,def_front,def_front
cast_def_0_1590.jpeg,def_front,def_front
cast_def_0_1591.jpeg,ok_front,def_front
cast_def_0_1593.jpeg,def_front,def_front
cast_def_0_1594.jpeg,def_front,def_front
cast_def_0_1596.jpeg,def_front,def_front
cast_def_0_1599.jpeg,def_front,def_front
cast_def_0_160.jpeg,def_front,def_front
cast_def_0_1603.jpeg,def_front,def_front
cast_def_0_1607.jpeg,def_front,def_front
cast_def_0_1608.jpeg,ok_front,def_front
cast_def_0_161.jpeg,def_front,def_front
cast_def_0_1612.jpeg,def_front,def_front
cast_def_0_1613.jpeg,def_front,def_front
cast_def_0_1614.jpeg,def_front,def_front
cast_def_0_1617.jpeg,def_front,def_front
cast_def_0_1618.jpeg,def_front,def_front
cast_def_0_162.jpeg,def_front,def_front
cast_def_0_1620.jpeg,def_front,def_front
cast_def_0_1625.jpeg,def_front,def_front
cast_def_0_1628.jpeg,def_front,def_front
cast_def_0_1629.jpeg,def_front,def_front
cast_def_0_1633.jpeg,ok_front,def_front
cast_def_0_1634.jpeg,def_front,def_front
cast_def_0_1635.jpeg,def_front,def_front
cast_def_0_1636.jpeg,def_front,def_front
cast_def_0_1637.jpeg,def_front,def_front
cast_def_0_1638.jpeg,def_front,def_front
cast_def_0_1639.jpeg,def_front,def_front
cast_def_0_164.jpeg,def_front,def_front
cast_def_0_1640.jpeg,def_front,def_front
cast_def_0_1642.jpeg,def_front,def_front
cast_def_0_1644.jpeg,def_front,def_front
cast_def_0_1645.jpeg,def_front,def_front
cast_def_0_1647.jpeg,def_front,def_front
cast_def_0_1653.jpeg,def_front,def_front
cast_def_0_1660.jpeg,def_front,def_front
cast_def_0_1661.jpeg,def_front,def_front
cast_def_0_1665.jpeg,def_front,def_front
cast_def_0_1666.jpeg,def_front,def_front
cast_def_0_1677.jpeg,def_front,def_front
cast_def_0_1678.jpeg,def_front,def_front
cast_def_0_1681.jpeg,def_front,def_front
cast_def_0_1682.jpeg,def_front,def_front
cast_def_0_1683.jpeg,def_front,def_front
cast_def_0_1684.jpeg,def_front,def_front
cast_def_0_1685.jpeg,ok_front,def_front
cast_def_0_1686.jpeg,def_front,def_front
cast_def_0_1688.jpeg,def_front,def_front
cast_def_0_174.jpeg,def_front,def_front
cast_def_0_175.jpeg,def_front,def_front
cast_def_0_176.jpeg,def_front,def_front
cast_def_0_181.jpeg,def_front,def_front
cast_def_0_182.jpeg,def_front,def_front
cast_def_0_184.jpeg,def_front,def_front
cast_def_0_186.jpeg,def_front,def_front
cast_def_0_1895.jpeg,def_front,def_front
cast_def_0_190.jpeg,def_front,def_front
cast_def_0_1903.jpeg,def_front,def_front
cast_def_0_193.jpeg,def_front,def_front
cast_def_0_1935.jpeg,def_front,def_front
cast_def_0_197.jpeg,def_front,def_front
cast_def_0_2053.jpeg,def_front,def_front
cast_def_0_2084.jpeg,def_front,def_front
cast_def_0_2100.jpeg,def_front,def_front
cast_def_0_2102.jpeg,def_front,def_front
cast_def_0_2104.jpeg,def_front,def_front
cast_def_0_2126.jpeg,def_front,def_front
cast_def_0_2135.jpeg,def_front,def_front
cast_def_0_2136.jpeg,def_front,def_front
cast_def_0_2137.jpeg,def_front,def_front
cast_def_0_2154.jpeg,ok_front,def_front
cast_def_0_2155.jpeg,def_front,def_front
cast_def_0_2156.jpeg,def_front,def_front
cast_def_0_216.jpeg,def_front,def_front
cast_def_0_2176.jpeg,def_front,def_front
cast_def_0_2177.jpeg,def_front,def_front
cast_def_0_2179.jpeg,def_front,def_front
cast_def_0_218.jpeg,def_front,def_front
cast_def_0_220.jpeg,def_front,def_front
cast_def_0_221.jpeg,ok_front,def_front
cast_def_0_2211.jpeg,def_front,def_front
cast_def_0_2212.jpeg,def_front,def_front
cast_def_0_2215.jpeg,def_front,def_front
cast_def_0_224.jpeg,def_front,def_front
cast_def_0_2241.jpeg,def_front,def_front
cast_def_0_2244.jpeg,def_front,def_front
cast_def_0_2247.jpeg,def_front,def_front
cast_def_0_2273.jpeg,def_front,def_front
cast_def_0_2274.jpeg,def_front,def_front
cast_def_0_2276.jpeg,def_front,def_front
cast_def_0_228.jpeg,def_front,def_front
cast_def_0_2299.jpeg,ok_front,def_front
cast_def_0_230.jpeg,def_front,def_front
cast_def_0_2305.jpeg,def_front,def_front
cast_def_0_2308.jpeg,def_front,def_front
cast_def_0_2309.jpeg,def_front,def_front
cast_def_0_231.jpeg,def_front,def_front
cast_def_0_2319.jpeg,def_front,def_front
cast_def_0_2324.jpeg,def_front,def_front
cast_def_0_2339.jpeg,def_front,def_front
cast_def_0_2341.jpeg,def_front,def_front
cast_def_0_2342.jpeg,def_front,def_front
cast_def_0_235.jpeg,def_front,def_front
cast_def_0_236.jpeg,def_front,def_front
cast_def_0_2372.jpeg,ok_front,def_front
cast_def_0_2375.jpeg,def_front,def_front
cast_def_0_2376.jpeg,def_front,def_front
cast_def_0_2392.jpeg,ok_front,def_front
cast_def_0_2393.jpeg,def_front,def_front
cast_def_0_2396.jpeg,def_front,def_front
cast_def_0_242.jpeg,def_front,def_front
cast_def_0_2420.jpeg,def_front,def_front
cast_def_0_2421.jpeg,def_front,def_front
cast_def_0_2422.jpeg,def_front,def_front
cast_def_0_2442.jpeg,def_front,def_front
cast_def_0_2451.jpeg,def_front,def_front
cast_def_0_2453.jpeg,def_front,def_front
cast_def_0_246.jpeg,def_front,def_front
cast_def_0_247.jpeg,def_front,def_front
cast_def_0_2479.jpeg,ok_front,def_front
cast_def_0_2480.jpeg,def_front,def_front
cast_def_0_2483.jpeg,def_front,def_front
cast_def_0_2486.jpeg,def_front,def_front
cast_def_0_2487.jpeg,def_front,def_front
cast_def_0_249.jpeg,def_front,def_front
cast_def_0_2509.jpeg,def_front,def_front
cast_def_0_2510.jpeg,def_front,def_front
cast_def_0_2514.jpeg,def_front,def_front
cast_def_0_2515.jpeg,def_front,def_front
cast_def_0_2516.jpeg,def_front,def_front
cast_def_0_2526.jpeg,def_front,def_front
cast_def_0_2528.jpeg,def_front,def_front
cast_def_0_2551.jpeg,def_front,def_front
cast_def_0_2553.jpeg,ok_front,def_front
cast_def_0_257.jpeg,def_front,def_front
cast_def_0_259.jpeg,def_front,def_front
cast_def_0_26.jpeg,def_front,def_front
cast_def_0_260.jpeg,def_front,def_front
cast_def_0_275.jpeg,def_front,def_front
cast_def_0_28.jpeg,def_front,def_front
cast_def_0_280.jpeg,def_front,def_front
cast_def_0_283.jpeg,def_front,def_front
cast_def_0_290.jpeg,def_front,def_front
cast_def_0_291.jpeg,def_front,def_front
cast_def_0_299.jpeg,def_front,def_front
cast_def_0_302.jpeg,def_front,def_front
cast_def_0_303.jpeg,def_front,def_front
cast_def_0_3105.jpeg,def_front,def_front
cast_def_0_3106.jpeg,def_front,def_front
cast_def_0_3108.jpeg,def_front,def_front
cast_def_0_3121.jpeg,def_front,def_front
cast_def_0_3122.jpeg,def_front,def_front
cast_def_0_3123.jpeg,def_front,def_front
cast_def_0_3387.jpeg,def_front,def_front
cast_def_0_3388.jpeg,def_front,def_front
cast_def_0_340.jpeg,def_front,def_front
cast_def_0_3412.jpeg,def_front,def_front
cast_def_0_3416.jpeg,def_front,def_front
cast_def_0_3438.jpeg,def_front,def_front
cast_def_0_3446.jpeg,def_front,def_front
cast_def_0_3473.jpeg,def_front,def_front
cast_def_0_3500.jpeg,def_front,def_front
cast_def_0_3503.jpeg,def_front,def_front
cast_def_0_363.jpeg,def_front,def_front
cast_def_0_367.jpeg,def_front,def_front
cast_def_0_40.jpeg,def_front,def_front
cast_def_0_411.jpeg,def_front,def_front
cast_def_0_4133.jpeg,def_front,def_front
cast_def_0_4134.jpeg,def_front,def_front
cast_def_0_4137.jpeg,def_front,def_front
cast_def_0_4156.jpeg,ok_front,def_front
cast_def_0_4160.jpeg,def_front,def_front
cast_def_0_4164.jpeg,def_front,def_front
cast_def_0_4175.jpeg,def_front,def_front
cast_def_0_4186.jpeg,def_front,def_front
cast_def_0_4198.jpeg,def_front,def_front
cast_def_0_432.jpeg,def_front,def_front
cast_def_0_434.jpeg,def_front,def_front
cast_def_0_436.jpeg,def_front,def_front
cast_def_0_437.jpeg,def_front,def_front
cast_def_0_439.jpeg,def_front,def_front
cast_def_0_441.jpeg,ok_front,def_front
cast_def_0_442.jpeg,def_front,def_front
cast_def_0_450.jpeg,def_front,def_front
cast_def_0_455.jpeg,def_front,def_front
cast_def_0_456.jpeg,def_front,def_front
cast_def_0_457.jpeg,def_front,def_front
cast_def_0_459.jpeg,def_front,def_front
cast_def_0_460.jpeg,def_front,def_front
cast_def_0_461.jpeg,ok_front,def_front
cast_def_0_462.jpeg,def_front,def_front
cast_def_0_468.jpeg,def_front,def_front
cast_def_0_480.jpeg,def_front,def_front
cast_def_0_483.jpeg,def_front,def_front
cast_def_0_485.jpeg,def_front,def_front
cast_def_0_486.jpeg,def_front,def_front
cast_def_0_49.jpeg,def_front,def_front
cast_def_0_490.jpeg,def_front,def_front
cast_def_0_491.jpeg,def_front,def_front
cast_def_0_495.jpeg,def_front,def_front
cast_def_0_496.jpeg,def_front,def_front
cast_def_0_499.jpeg,def_front,def_front
cast_def_0_500.jpeg,def_front,def_front
cast_def_0_501.jpeg,def_front,def_front
cast_def_0_504.jpeg,def_front,def_front
cast_def_0_505.jpeg,def_front,def_front
cast_def_0_506.jpeg,def_front,def_front
cast_def_0_507.jpeg,def_front,def_front
cast_def_0_514.jpeg,def_front,def_front
cast_def_0_515.jpeg,def_front,def_front
cast_def_0_519.jpeg,def_front,def_front
cast_def_0_520.jpeg,def_front,def_front
cast_def_0_5251.jpeg,def_front,def_front
cast_def_0_5289.jpeg,def_front,def_front
cast_def_0_5297.jpeg,def_front,def_front
cast_def_0_5302.jpeg,def_front,def_front
cast_def_0_531.jpeg,ok_front,def_front
cast_def_0_532.jpeg,def_front,def_front
cast_def_0_534.jpeg,def_front,def_front
cast_def_0_535.jpeg,def_front,def_front
cast_def_0_536.jpeg,def_front,def_front
cast_def_0_537.jpeg,def_front,def_front
cast_def_0_538.jpeg,def_front,def_front
cast_def_0_549.jpeg,def_front,def_front
cast_def_0_551.jpeg,def_front,def_front
cast_def_0_552.jpeg,def_front,def_front
cast_def_0_555.jpeg,def_front,def_front
cast_def_0_558.jpeg,def_front,def_front
cast_def_0_560.jpeg,def_front,def_front
cast_def_0_564.jpeg,def_front,def_front
cast_def_0_586.jpeg,def_front,def_front
cast_def_0_588.jpeg,def_front,def_front
cast_def_0_589.jpeg,def_front,def_front
cast_def_0_590.jpeg,def_front,def_front
cast_def_0_591.jpeg,def_front,def_front
cast_def_0_592.jpeg,def_front,def_front
cast_def_0_594.jpeg,def_front,def_front
cast_def_0_61.jpeg,def_front,def_front
cast_def_0_616.jpeg,ok_front,def_front
cast_def_0_617.jpeg,def_front,def_front
cast_def_0_618.jpeg,def_front,def_front
cast_def_0_619.jpeg,def_front,def_front
cast_def_0_620.jpeg,def_front,def_front
cast_def_0_621.jpeg,def_front,def_front
cast_def_0_629.jpeg,def_front,def_front
cast_def_0_641.jpeg,def_front,def_front
cast_def_0_642.jpeg,def_front,def_front
cast_def_0_643.jpeg,def_front,def_front
cast_def_0_645.jpeg,def_front,def_front
cast_def_0_646.jpeg,def_front,def_front
cast_def_0_647.jpeg,def_front,def_front
cast_def_0_648.jpeg,def_front,def_front
cast_def_0_65.jpeg,def_front,def_front
cast_def_0_656.jpeg,def_front,def_front
cast_def_0_659.jpeg,def_front,def_front
cast_def_0_661.jpeg,def_front,def_front
cast_def_0_662.jpeg,def_front,def_front
cast_def_0_663.jpeg,def_front,def_front
cast_def_0_666.jpeg,def_front,def_front
cast_def_0_669.jpeg,def_front,def_front
cast_def_0_67.jpeg,def_front,def_front
cast_def_0_7.jpeg,def_front,def_front
cast_def_0_703.jpeg,def_front,def_front
cast_def_0_708.jpeg,def_front,def_front
cast_def_0_715.jpeg,def_front,def_front
cast_def_0_717.jpeg,def_front,def_front
cast_def_0_7241.jpeg,def_front,def_front
cast_def_0_7271.jpeg,def_front,def_front
cast_def_0_732.jpeg,def_front,def_front
cast_def_0_7442.jpeg,ok_front,def_front
cast_def_0_7454.jpeg,def_front,def_front
cast_def_0_7468.jpeg,ok_front,def_front
cast_def_0_7481.jpeg,def_front,def_front
cast_def_0_7596.jpeg,def_front,def_front
cast_def_0_7653.jpeg,def_front,def_front
cast_def_0_7659.jpeg,def_front,def_front
cast_def_0_811.jpeg,ok_front,def_front
cast_def_0_829.jpeg,def_front,def_front
cast_def_0_831.jpeg,def_front,def_front
cast_def_0_849.jpeg,def_front,def_front
cast_def_0_85.jpeg,def_front,def_front
cast_def_0_87.jpeg,def_front,def_front
cast_def_0_88.jpeg,def_front,def_front
cast_def_0_9270.jpeg,def_front,def_front
cast_def_0_939.jpeg,def_front,def_front
cast_def_0_9747.jpeg,def_front,def_front
cast_def_0_9751.jpeg,def_front,def_front
cast_def_0_9758.jpeg,def_front,def_front
cast_def_0_983.jpeg,def_front,def_front
cast_def_0_9921.jpeg,def_front,def_front
cast_def_0_9925.jpeg,def_front,def_front
cast_def_0_9927.jpeg,def_front,def_front
cast_def_0_9960.jpeg,def_front,def_front
cast_def_0_9969.jpeg,def_front,def_front
cast_def_0_9991.jpeg,def_front,def_front
new__0_1339.jpeg,def_front,def_front
new__0_1353.jpeg,def_front,def_front
new__0_1385.jpeg,ok_front,def_front
new__0_1664.jpeg,def_front,def_front
new__0_1780.jpeg,def_front,def_front
new__0_2055.jpeg,ok_front,def_front
new__0_2091.jpeg,def_front,def_front
new__0_2306.jpeg,def_front,def_front
new__0_2783.jpeg,def_front,def_front
new__0_3255.jpeg,def_front,def_front
new__0_3299.jpeg,def_front,def_front
new__0_3476.jpeg,def_front,def_front
new__0_3539.jpeg,ok_front,def_front
new__0_3645.jpeg,def_front,def_front
new__0_3963.jpeg,def_front,def_front
new__0_3973.jpeg,def_front,def_front
new__0_4483.jpeg,ok_front,def_front
new__0_4505.jpeg,def_front,def_front
new__0_4633.jpeg,ok_front,def_front
new__0_5164.jpeg,ok_front,def_front
new__0_5223.jpeg,ok_front,def_front
new__0_5231.jpeg,def_front,def_front
new__0_6223.jpeg,def_front,def_front
new__0_6287.jpeg,def_front,def_front
new__0_6459.jpeg,ok_front,def_front
new__0_6647.jpeg,def_front,def_front
new__0_6708.jpeg,def_front,def_front
new__0_7229.jpeg,def_front,def_front
new__0_7323.jpeg,def_front,def_front
new__0_7515.jpeg,def_front,def_front
new__0_8133.jpeg,def_front,def_front
new__0_8159.jpeg,ok_front,def_front
new__0_8634.jpeg,def_front,def_front
new__0_8737.jpeg,def_front,def_front
new__0_9014.jpeg,def_front,def_front
new__0_9248.jpeg,ok_front,def_front
new__0_9334.jpeg,ok_front,def_front
